--
-- PostgreSQL database dump
--

-- Dumped from database version 15.2
-- Dumped by pg_dump version 15.2

SET statement_timeout = 0;
SET lock_timeout = 0;
SET idle_in_transaction_session_timeout = 0;
SET client_encoding = 'UTF8';
SET standard_conforming_strings = on;
SELECT pg_catalog.set_config('search_path', '', false);
SET check_function_bodies = false;
SET xmloption = content;
SET client_min_messages = warning;
SET row_security = off;

--
-- Name: eventstatus; Type: TYPE; Schema: public; Owner: guest
--

CREATE TYPE public.eventstatus AS ENUM (
    'Created',
    'Alive',
    'Closed',
    'Done'
);


ALTER TYPE public.eventstatus OWNER TO guest;

SET default_tablespace = '';

SET default_table_access_method = heap;

--
-- Name: alembic_version; Type: TABLE; Schema: public; Owner: guest
--

CREATE TABLE public.alembic_version (
    version_num character varying(32) NOT NULL
);


ALTER TABLE public.alembic_version OWNER TO guest;

--
-- Name: announcements; Type: TABLE; Schema: public; Owner: guest
--

CREATE TABLE public.announcements (
    id uuid NOT NULL,
    status public.eventstatus,
    title character varying(256),
    description character varying(4096),
    movie_id uuid,
    author_id uuid,
    sub_only boolean DEFAULT true,
    is_free boolean DEFAULT true,
    tickets_count integer,
    event_time timestamp with time zone NOT NULL,
    event_location character varying(4096),
    created timestamp with time zone NOT NULL,
    modified timestamp with time zone,
    duration integer
);


ALTER TABLE public.announcements OWNER TO guest;

--
-- Name: auth_group; Type: TABLE; Schema: public; Owner: guest
--

CREATE TABLE public.auth_group (
    id integer NOT NULL,
    name character varying(150) NOT NULL
);


ALTER TABLE public.auth_group OWNER TO guest;

--
-- Name: auth_group_id_seq; Type: SEQUENCE; Schema: public; Owner: guest
--

ALTER TABLE public.auth_group ALTER COLUMN id ADD GENERATED BY DEFAULT AS IDENTITY (
    SEQUENCE NAME public.auth_group_id_seq
    START WITH 1
    INCREMENT BY 1
    NO MINVALUE
    NO MAXVALUE
    CACHE 1
);


--
-- Name: auth_group_permissions; Type: TABLE; Schema: public; Owner: guest
--

CREATE TABLE public.auth_group_permissions (
    id bigint NOT NULL,
    group_id integer NOT NULL,
    permission_id integer NOT NULL
);


ALTER TABLE public.auth_group_permissions OWNER TO guest;

--
-- Name: auth_group_permissions_id_seq; Type: SEQUENCE; Schema: public; Owner: guest
--

ALTER TABLE public.auth_group_permissions ALTER COLUMN id ADD GENERATED BY DEFAULT AS IDENTITY (
    SEQUENCE NAME public.auth_group_permissions_id_seq
    START WITH 1
    INCREMENT BY 1
    NO MINVALUE
    NO MAXVALUE
    CACHE 1
);


--
-- Name: auth_permission; Type: TABLE; Schema: public; Owner: guest
--

CREATE TABLE public.auth_permission (
    id integer NOT NULL,
    name character varying(255) NOT NULL,
    content_type_id integer NOT NULL,
    codename character varying(100) NOT NULL
);


ALTER TABLE public.auth_permission OWNER TO guest;

--
-- Name: auth_permission_id_seq; Type: SEQUENCE; Schema: public; Owner: guest
--

ALTER TABLE public.auth_permission ALTER COLUMN id ADD GENERATED BY DEFAULT AS IDENTITY (
    SEQUENCE NAME public.auth_permission_id_seq
    START WITH 1
    INCREMENT BY 1
    NO MINVALUE
    NO MAXVALUE
    CACHE 1
);


--
-- Name: booking; Type: TABLE; Schema: public; Owner: guest
--

CREATE TABLE public.booking (
    id uuid NOT NULL,
    announcement_id uuid NOT NULL,
    movie_id uuid,
    author_id uuid,
    guest_id uuid,
    author_status boolean,
    guest_status boolean DEFAULT true,
    event_time timestamp with time zone NOT NULL,
    created timestamp with time zone NOT NULL,
    modified timestamp with time zone
);


ALTER TABLE public.booking OWNER TO guest;

--
-- Name: django_admin_log; Type: TABLE; Schema: public; Owner: guest
--

CREATE TABLE public.django_admin_log (
    id integer NOT NULL,
    action_time timestamp with time zone NOT NULL,
    object_id text,
    object_repr character varying(200) NOT NULL,
    action_flag smallint NOT NULL,
    change_message text NOT NULL,
    content_type_id integer,
    user_id bigint NOT NULL,
    CONSTRAINT django_admin_log_action_flag_check CHECK ((action_flag >= 0))
);


ALTER TABLE public.django_admin_log OWNER TO guest;

--
-- Name: django_admin_log_id_seq; Type: SEQUENCE; Schema: public; Owner: guest
--

ALTER TABLE public.django_admin_log ALTER COLUMN id ADD GENERATED BY DEFAULT AS IDENTITY (
    SEQUENCE NAME public.django_admin_log_id_seq
    START WITH 1
    INCREMENT BY 1
    NO MINVALUE
    NO MAXVALUE
    CACHE 1
);


--
-- Name: django_celery_beat_clockedschedule; Type: TABLE; Schema: public; Owner: guest
--

CREATE TABLE public.django_celery_beat_clockedschedule (
    id integer NOT NULL,
    clocked_time timestamp with time zone NOT NULL
);


ALTER TABLE public.django_celery_beat_clockedschedule OWNER TO guest;

--
-- Name: django_celery_beat_clockedschedule_id_seq; Type: SEQUENCE; Schema: public; Owner: guest
--

ALTER TABLE public.django_celery_beat_clockedschedule ALTER COLUMN id ADD GENERATED BY DEFAULT AS IDENTITY (
    SEQUENCE NAME public.django_celery_beat_clockedschedule_id_seq
    START WITH 1
    INCREMENT BY 1
    NO MINVALUE
    NO MAXVALUE
    CACHE 1
);


--
-- Name: django_celery_beat_crontabschedule; Type: TABLE; Schema: public; Owner: guest
--

CREATE TABLE public.django_celery_beat_crontabschedule (
    id integer NOT NULL,
    minute character varying(240) NOT NULL,
    hour character varying(96) NOT NULL,
    day_of_week character varying(64) NOT NULL,
    day_of_month character varying(124) NOT NULL,
    month_of_year character varying(64) NOT NULL,
    timezone character varying(63) NOT NULL
);


ALTER TABLE public.django_celery_beat_crontabschedule OWNER TO guest;

--
-- Name: django_celery_beat_crontabschedule_id_seq; Type: SEQUENCE; Schema: public; Owner: guest
--

ALTER TABLE public.django_celery_beat_crontabschedule ALTER COLUMN id ADD GENERATED BY DEFAULT AS IDENTITY (
    SEQUENCE NAME public.django_celery_beat_crontabschedule_id_seq
    START WITH 1
    INCREMENT BY 1
    NO MINVALUE
    NO MAXVALUE
    CACHE 1
);


--
-- Name: django_celery_beat_intervalschedule; Type: TABLE; Schema: public; Owner: guest
--

CREATE TABLE public.django_celery_beat_intervalschedule (
    id integer NOT NULL,
    every integer NOT NULL,
    period character varying(24) NOT NULL
);


ALTER TABLE public.django_celery_beat_intervalschedule OWNER TO guest;

--
-- Name: django_celery_beat_intervalschedule_id_seq; Type: SEQUENCE; Schema: public; Owner: guest
--

ALTER TABLE public.django_celery_beat_intervalschedule ALTER COLUMN id ADD GENERATED BY DEFAULT AS IDENTITY (
    SEQUENCE NAME public.django_celery_beat_intervalschedule_id_seq
    START WITH 1
    INCREMENT BY 1
    NO MINVALUE
    NO MAXVALUE
    CACHE 1
);


--
-- Name: django_celery_beat_periodictask; Type: TABLE; Schema: public; Owner: guest
--

CREATE TABLE public.django_celery_beat_periodictask (
    id integer NOT NULL,
    name character varying(200) NOT NULL,
    task character varying(200) NOT NULL,
    args text NOT NULL,
    kwargs text NOT NULL,
    queue character varying(200),
    exchange character varying(200),
    routing_key character varying(200),
    expires timestamp with time zone,
    enabled boolean NOT NULL,
    last_run_at timestamp with time zone,
    total_run_count integer NOT NULL,
    date_changed timestamp with time zone NOT NULL,
    description text NOT NULL,
    crontab_id integer,
    interval_id integer,
    solar_id integer,
    one_off boolean NOT NULL,
    start_time timestamp with time zone,
    priority integer,
    headers text NOT NULL,
    clocked_id integer,
    expire_seconds integer,
    CONSTRAINT django_celery_beat_periodictask_expire_seconds_check CHECK ((expire_seconds >= 0)),
    CONSTRAINT django_celery_beat_periodictask_priority_check CHECK ((priority >= 0)),
    CONSTRAINT django_celery_beat_periodictask_total_run_count_check CHECK ((total_run_count >= 0))
);


ALTER TABLE public.django_celery_beat_periodictask OWNER TO guest;

--
-- Name: django_celery_beat_periodictask_id_seq; Type: SEQUENCE; Schema: public; Owner: guest
--

ALTER TABLE public.django_celery_beat_periodictask ALTER COLUMN id ADD GENERATED BY DEFAULT AS IDENTITY (
    SEQUENCE NAME public.django_celery_beat_periodictask_id_seq
    START WITH 1
    INCREMENT BY 1
    NO MINVALUE
    NO MAXVALUE
    CACHE 1
);


--
-- Name: django_celery_beat_periodictasks; Type: TABLE; Schema: public; Owner: guest
--

CREATE TABLE public.django_celery_beat_periodictasks (
    ident smallint NOT NULL,
    last_update timestamp with time zone NOT NULL
);


ALTER TABLE public.django_celery_beat_periodictasks OWNER TO guest;

--
-- Name: django_celery_beat_solarschedule; Type: TABLE; Schema: public; Owner: guest
--

CREATE TABLE public.django_celery_beat_solarschedule (
    id integer NOT NULL,
    event character varying(24) NOT NULL,
    latitude numeric(9,6) NOT NULL,
    longitude numeric(9,6) NOT NULL
);


ALTER TABLE public.django_celery_beat_solarschedule OWNER TO guest;

--
-- Name: django_celery_beat_solarschedule_id_seq; Type: SEQUENCE; Schema: public; Owner: guest
--

ALTER TABLE public.django_celery_beat_solarschedule ALTER COLUMN id ADD GENERATED BY DEFAULT AS IDENTITY (
    SEQUENCE NAME public.django_celery_beat_solarschedule_id_seq
    START WITH 1
    INCREMENT BY 1
    NO MINVALUE
    NO MAXVALUE
    CACHE 1
);


--
-- Name: django_content_type; Type: TABLE; Schema: public; Owner: guest
--

CREATE TABLE public.django_content_type (
    id integer NOT NULL,
    app_label character varying(100) NOT NULL,
    model character varying(100) NOT NULL
);


ALTER TABLE public.django_content_type OWNER TO guest;

--
-- Name: django_content_type_id_seq; Type: SEQUENCE; Schema: public; Owner: guest
--

ALTER TABLE public.django_content_type ALTER COLUMN id ADD GENERATED BY DEFAULT AS IDENTITY (
    SEQUENCE NAME public.django_content_type_id_seq
    START WITH 1
    INCREMENT BY 1
    NO MINVALUE
    NO MAXVALUE
    CACHE 1
);


--
-- Name: django_migrations; Type: TABLE; Schema: public; Owner: guest
--

CREATE TABLE public.django_migrations (
    id bigint NOT NULL,
    app character varying(255) NOT NULL,
    name character varying(255) NOT NULL,
    applied timestamp with time zone NOT NULL
);


ALTER TABLE public.django_migrations OWNER TO guest;

--
-- Name: django_migrations_id_seq; Type: SEQUENCE; Schema: public; Owner: guest
--

ALTER TABLE public.django_migrations ALTER COLUMN id ADD GENERATED BY DEFAULT AS IDENTITY (
    SEQUENCE NAME public.django_migrations_id_seq
    START WITH 1
    INCREMENT BY 1
    NO MINVALUE
    NO MAXVALUE
    CACHE 1
);


--
-- Name: django_session; Type: TABLE; Schema: public; Owner: guest
--

CREATE TABLE public.django_session (
    session_key character varying(40) NOT NULL,
    session_data text NOT NULL,
    expire_date timestamp with time zone NOT NULL
);


ALTER TABLE public.django_session OWNER TO guest;

--
-- Name: mvp; Type: TABLE; Schema: public; Owner: guest
--

CREATE TABLE public.mvp (
    id uuid NOT NULL,
    some_int integer,
    some_str character varying(4096),
    created timestamp with time zone NOT NULL,
    modified timestamp with time zone
);


ALTER TABLE public.mvp OWNER TO guest;

--
-- Name: notifications_reviewinfo; Type: TABLE; Schema: public; Owner: guest
--

CREATE TABLE public.notifications_reviewinfo (
    created timestamp with time zone NOT NULL,
    modified timestamp with time zone NOT NULL,
    pkid uuid NOT NULL,
    movie_id uuid NOT NULL,
    author_id uuid NOT NULL,
    review_id uuid NOT NULL,
    likes_count integer NOT NULL
);


ALTER TABLE public.notifications_reviewinfo OWNER TO guest;

--
-- Name: notifications_reviewstorage; Type: TABLE; Schema: public; Owner: guest
--

CREATE TABLE public.notifications_reviewstorage (
    created timestamp with time zone NOT NULL,
    modified timestamp with time zone NOT NULL,
    pkid uuid NOT NULL,
    review_id uuid NOT NULL
);


ALTER TABLE public.notifications_reviewstorage OWNER TO guest;

--
-- Name: notifications_task; Type: TABLE; Schema: public; Owner: guest
--

CREATE TABLE public.notifications_task (
    created timestamp with time zone NOT NULL,
    modified timestamp with time zone NOT NULL,
    pkid uuid NOT NULL,
    title character varying(255) NOT NULL,
    event_type character varying(255) NOT NULL,
    user_group character varying(255) NOT NULL,
    movie_id character varying(255) NOT NULL,
    text_to_promo character varying(4096) NOT NULL,
    template_pkid_id uuid NOT NULL
);


ALTER TABLE public.notifications_task OWNER TO guest;

--
-- Name: notifications_template; Type: TABLE; Schema: public; Owner: guest
--

CREATE TABLE public.notifications_template (
    created timestamp with time zone NOT NULL,
    modified timestamp with time zone NOT NULL,
    pkid uuid NOT NULL,
    title character varying(255) NOT NULL,
    event_type character varying(255) NOT NULL,
    subject text NOT NULL,
    template_files character varying(100) NOT NULL,
    text_msg text NOT NULL
);


ALTER TABLE public.notifications_template OWNER TO guest;

--
-- Name: short_url; Type: TABLE; Schema: public; Owner: guest
--

CREATE TABLE public.short_url (
    id integer NOT NULL,
    original_url character varying(500) NOT NULL,
    short_id character varying(20) NOT NULL,
    created_at timestamp without time zone NOT NULL
);


ALTER TABLE public.short_url OWNER TO guest;

--
-- Name: short_url_id_seq; Type: SEQUENCE; Schema: public; Owner: guest
--

CREATE SEQUENCE public.short_url_id_seq
    AS integer
    START WITH 1
    INCREMENT BY 1
    NO MINVALUE
    NO MAXVALUE
    CACHE 1;


ALTER TABLE public.short_url_id_seq OWNER TO guest;

--
-- Name: short_url_id_seq; Type: SEQUENCE OWNED BY; Schema: public; Owner: guest
--

ALTER SEQUENCE public.short_url_id_seq OWNED BY public.short_url.id;


--
-- Name: users_user; Type: TABLE; Schema: public; Owner: guest
--

CREATE TABLE public.users_user (
    id bigint NOT NULL,
    password character varying(128) NOT NULL,
    last_login timestamp with time zone,
    is_superuser boolean NOT NULL,
    username character varying(150) NOT NULL,
    first_name character varying(150) NOT NULL,
    last_name character varying(150) NOT NULL,
    email character varying(254) NOT NULL,
    is_staff boolean NOT NULL,
    is_active boolean NOT NULL,
    date_joined timestamp with time zone NOT NULL
);


ALTER TABLE public.users_user OWNER TO guest;

--
-- Name: users_user_groups; Type: TABLE; Schema: public; Owner: guest
--

CREATE TABLE public.users_user_groups (
    id bigint NOT NULL,
    user_id bigint NOT NULL,
    group_id integer NOT NULL
);


ALTER TABLE public.users_user_groups OWNER TO guest;

--
-- Name: users_user_groups_id_seq; Type: SEQUENCE; Schema: public; Owner: guest
--

ALTER TABLE public.users_user_groups ALTER COLUMN id ADD GENERATED BY DEFAULT AS IDENTITY (
    SEQUENCE NAME public.users_user_groups_id_seq
    START WITH 1
    INCREMENT BY 1
    NO MINVALUE
    NO MAXVALUE
    CACHE 1
);


--
-- Name: users_user_id_seq; Type: SEQUENCE; Schema: public; Owner: guest
--

ALTER TABLE public.users_user ALTER COLUMN id ADD GENERATED BY DEFAULT AS IDENTITY (
    SEQUENCE NAME public.users_user_id_seq
    START WITH 1
    INCREMENT BY 1
    NO MINVALUE
    NO MAXVALUE
    CACHE 1
);


--
-- Name: users_user_user_permissions; Type: TABLE; Schema: public; Owner: guest
--

CREATE TABLE public.users_user_user_permissions (
    id bigint NOT NULL,
    user_id bigint NOT NULL,
    permission_id integer NOT NULL
);


ALTER TABLE public.users_user_user_permissions OWNER TO guest;

--
-- Name: users_user_user_permissions_id_seq; Type: SEQUENCE; Schema: public; Owner: guest
--

ALTER TABLE public.users_user_user_permissions ALTER COLUMN id ADD GENERATED BY DEFAULT AS IDENTITY (
    SEQUENCE NAME public.users_user_user_permissions_id_seq
    START WITH 1
    INCREMENT BY 1
    NO MINVALUE
    NO MAXVALUE
    CACHE 1
);


--
-- Name: short_url id; Type: DEFAULT; Schema: public; Owner: guest
--

ALTER TABLE ONLY public.short_url ALTER COLUMN id SET DEFAULT nextval('public.short_url_id_seq'::regclass);


--
-- Data for Name: alembic_version; Type: TABLE DATA; Schema: public; Owner: guest
--

COPY public.alembic_version (version_num) FROM stdin;
bab7cf136960
\.


--
-- Data for Name: announcements; Type: TABLE DATA; Schema: public; Owner: guest
--

COPY public.announcements (id, status, title, description, movie_id, author_id, sub_only, is_free, tickets_count, event_time, event_location, created, modified, duration) FROM stdin;
eca370e7-c65d-44f3-b390-5c2733df02e6	Created	Fake Title	Fake description	50760ee6-2073-445d-ad25-f665937f3b33	50760ee6-2073-445d-ad25-f665937f3b33	f	t	2	2023-10-08 00:33:23.946855+00	Fake location	2023-04-07 21:33:23.96206+00	2023-04-07 21:33:23.962067+00	0
\.


--
-- Data for Name: auth_group; Type: TABLE DATA; Schema: public; Owner: guest
--

COPY public.auth_group (id, name) FROM stdin;
\.


--
-- Data for Name: auth_group_permissions; Type: TABLE DATA; Schema: public; Owner: guest
--

COPY public.auth_group_permissions (id, group_id, permission_id) FROM stdin;
\.


--
-- Data for Name: auth_permission; Type: TABLE DATA; Schema: public; Owner: guest
--

COPY public.auth_permission (id, name, content_type_id, codename) FROM stdin;
1	Can add log entry	1	add_logentry
2	Can change log entry	1	change_logentry
3	Can delete log entry	1	delete_logentry
4	Can view log entry	1	view_logentry
5	Can add permission	2	add_permission
6	Can change permission	2	change_permission
7	Can delete permission	2	delete_permission
8	Can view permission	2	view_permission
9	Can add group	3	add_group
10	Can change group	3	change_group
11	Can delete group	3	delete_group
12	Can view group	3	view_group
13	Can add content type	4	add_contenttype
14	Can change content type	4	change_contenttype
15	Can delete content type	4	delete_contenttype
16	Can view content type	4	view_contenttype
17	Can add session	5	add_session
18	Can change session	5	change_session
19	Can delete session	5	delete_session
20	Can view session	5	view_session
21	Can add user	6	add_user
22	Can change user	6	change_user
23	Can delete user	6	delete_user
24	Can view user	6	view_user
25	Can add review info	7	add_reviewinfo
26	Can change review info	7	change_reviewinfo
27	Can delete review info	7	delete_reviewinfo
28	Can view review info	7	view_reviewinfo
29	Can add review storage	8	add_reviewstorage
30	Can change review storage	8	change_reviewstorage
31	Can delete review storage	8	delete_reviewstorage
32	Can view review storage	8	view_reviewstorage
33	Can add Template	9	add_template
34	Can change Template	9	change_template
35	Can delete Template	9	delete_template
36	Can view Template	9	view_template
37	Can add task	10	add_task
38	Can change task	10	change_task
39	Can delete task	10	delete_task
40	Can view task	10	view_task
41	Can add crontab	11	add_crontabschedule
42	Can change crontab	11	change_crontabschedule
43	Can delete crontab	11	delete_crontabschedule
44	Can view crontab	11	view_crontabschedule
45	Can add interval	12	add_intervalschedule
46	Can change interval	12	change_intervalschedule
47	Can delete interval	12	delete_intervalschedule
48	Can view interval	12	view_intervalschedule
49	Can add periodic task	13	add_periodictask
50	Can change periodic task	13	change_periodictask
51	Can delete periodic task	13	delete_periodictask
52	Can view periodic task	13	view_periodictask
53	Can add periodic tasks	14	add_periodictasks
54	Can change periodic tasks	14	change_periodictasks
55	Can delete periodic tasks	14	delete_periodictasks
56	Can view periodic tasks	14	view_periodictasks
57	Can add solar event	15	add_solarschedule
58	Can change solar event	15	change_solarschedule
59	Can delete solar event	15	delete_solarschedule
60	Can view solar event	15	view_solarschedule
61	Can add clocked	16	add_clockedschedule
62	Can change clocked	16	change_clockedschedule
63	Can delete clocked	16	delete_clockedschedule
64	Can view clocked	16	view_clockedschedule
\.


--
-- Data for Name: booking; Type: TABLE DATA; Schema: public; Owner: guest
--

COPY public.booking (id, announcement_id, movie_id, author_id, guest_id, author_status, guest_status, event_time, created, modified) FROM stdin;
c1fb843b-de80-46c5-b0e7-95e15a88b407	eca370e7-c65d-44f3-b390-5c2733df02e6	50760ee6-2073-445d-ad25-f665937f3b33	50760ee6-2073-445d-ad25-f665937f3b33	d0c5635c-3211-4cf8-94ab-cbe6800771c4	\N	t	2023-04-08 00:33:23.946855+00	2023-04-07 21:37:58.009541+00	2023-04-07 21:37:58.009551+00
88a23816-2be5-4faa-add9-ce3d2e3efd4c	eca370e7-c65d-44f3-b390-5c2733df02e6	50760ee6-2073-445d-ad25-f665937f3b33	50760ee6-2073-445d-ad25-f665937f3b33	39e60237-83ea-4c65-9bc9-f6b47d109738	t	t	2023-04-08 00:33:23.946855+00	2023-04-07 21:34:46.538188+00	2023-04-07 21:34:46.538193+00
\.


--
-- Data for Name: django_admin_log; Type: TABLE DATA; Schema: public; Owner: guest
--

COPY public.django_admin_log (id, action_time, object_id, object_repr, action_flag, change_message, content_type_id, user_id) FROM stdin;
1	2023-04-08 01:15:51.684365+00	e8051481-c4d9-4649-9e92-011e0132cafa	new_content:<e8051481-c4d9-4649-9e92-011e0132cafa>	1	[{"added": {}}]	9	1
2	2023-04-08 01:16:14.507483+00	a7bd4502-f89a-4b63-ace6-570472de3e9d	new_likes:<a7bd4502-f89a-4b63-ace6-570472de3e9d>	1	[{"added": {}}]	9	1
3	2023-04-08 01:16:38.601172+00	92b89143-a5bc-42a3-b9d6-6ad3c9f06de5	promo:<92b89143-a5bc-42a3-b9d6-6ad3c9f06de5>	1	[{"added": {}}]	9	1
4	2023-04-08 01:16:55.099649+00	a7663943-1f5c-4573-bc71-17cecbd46fb8	welcome_message:<a7663943-1f5c-4573-bc71-17cecbd46fb8>	1	[{"added": {}}]	9	1
5	2023-04-08 01:18:52.523053+00	45ee664f-3230-4e29-8ddb-43bf66e891cc	announce_delete:<45ee664f-3230-4e29-8ddb-43bf66e891cc>	1	[{"added": {}}]	9	1
6	2023-04-08 01:20:08.278188+00	7e81e406-a330-46b6-815e-db82e1b65882	announce_done:<7e81e406-a330-46b6-815e-db82e1b65882>	1	[{"added": {}}]	9	1
7	2023-04-08 01:21:03.005221+00	c2e2177c-f2ef-466d-b7f2-225fffa4185d	announce_new:<c2e2177c-f2ef-466d-b7f2-225fffa4185d>	1	[{"added": {}}]	9	1
8	2023-04-08 01:21:52.550376+00	1961b3d0-ede5-4642-b230-81fb98e0979e	announce_put:<1961b3d0-ede5-4642-b230-81fb98e0979e>	1	[{"added": {}}]	9	1
9	2023-04-08 01:22:57.155375+00	4aee1f43-3942-4313-a6cc-9da18ecd9b14	booking_delete:<4aee1f43-3942-4313-a6cc-9da18ecd9b14>	1	[{"added": {}}]	9	1
10	2023-04-08 01:25:14.637463+00	91846a53-1745-4c64-b045-e890c10d7172	booking_new:<91846a53-1745-4c64-b045-e890c10d7172>	1	[{"added": {}}]	9	1
11	2023-04-08 01:26:29.796634+00	f454a23d-3e76-4ba1-8d98-d22f3d085478	booking_status:<f454a23d-3e76-4ba1-8d98-d22f3d085478>	1	[{"added": {}}]	9	1
12	2023-04-08 01:28:25.122269+00	04c4b0e9-f441-4475-8577-1afd9b158172	promo:<04c4b0e9-f441-4475-8577-1afd9b158172>	1	[{"added": {}}]	10	1
13	2023-04-08 01:28:56.823355+00	4f84d742-e93d-4d10-b7df-709d719ed4f8	new_likes:<4f84d742-e93d-4d10-b7df-709d719ed4f8>	1	[{"added": {}}]	10	1
14	2023-04-08 01:30:07.665047+00	4fa90f60-12bf-487d-9ff0-79ec1e5bcce3	new_content:<4fa90f60-12bf-487d-9ff0-79ec1e5bcce3>	1	[{"added": {}}]	10	1
15	2023-04-08 01:30:21.740335+00	aebd22dc-47a9-4f52-ad39-4d82ea03bb5e	6a16e02d-bf5c-4e41-aa3a-ea36fbdc42a5	1	[{"added": {}}]	7	1
16	2023-04-08 01:30:23.585245+00	f3ad2c61-48cf-4608-884c-ddd979b630f4	ad729eba-87dd-4c03-a8d9-83ed2d9afcb1	1	[{"added": {}}]	7	1
17	2023-04-08 01:30:32.668945+00	313a6d6a-afd4-4db4-a05b-85fb578af38f	1294a721-6339-40f6-9dbb-84ff37fc791e	1	[{"added": {}}]	7	1
18	2023-04-08 01:30:46.590444+00	932a0415-75d1-4f13-a458-094d6d89d408	9526d218-04cd-4bd5-93c8-ec3830e70875	1	[{"added": {}}]	7	1
\.


--
-- Data for Name: django_celery_beat_clockedschedule; Type: TABLE DATA; Schema: public; Owner: guest
--

COPY public.django_celery_beat_clockedschedule (id, clocked_time) FROM stdin;
\.


--
-- Data for Name: django_celery_beat_crontabschedule; Type: TABLE DATA; Schema: public; Owner: guest
--

COPY public.django_celery_beat_crontabschedule (id, minute, hour, day_of_week, day_of_month, month_of_year, timezone) FROM stdin;
1	0	4	*	*	*	UTC
\.


--
-- Data for Name: django_celery_beat_intervalschedule; Type: TABLE DATA; Schema: public; Owner: guest
--

COPY public.django_celery_beat_intervalschedule (id, every, period) FROM stdin;
\.


--
-- Data for Name: django_celery_beat_periodictask; Type: TABLE DATA; Schema: public; Owner: guest
--

COPY public.django_celery_beat_periodictask (id, name, task, args, kwargs, queue, exchange, routing_key, expires, enabled, last_run_at, total_run_count, date_changed, description, crontab_id, interval_id, solar_id, one_off, start_time, priority, headers, clocked_id, expire_seconds) FROM stdin;
1	celery.backend_cleanup	celery.backend_cleanup	[]	{}	\N	\N	\N	\N	t	\N	0	2023-04-08 01:13:58.180428+00		1	\N	\N	f	\N	\N	{}	\N	43200
\.


--
-- Data for Name: django_celery_beat_periodictasks; Type: TABLE DATA; Schema: public; Owner: guest
--

COPY public.django_celery_beat_periodictasks (ident, last_update) FROM stdin;
1	2023-04-08 01:13:58.182188+00
\.


--
-- Data for Name: django_celery_beat_solarschedule; Type: TABLE DATA; Schema: public; Owner: guest
--

COPY public.django_celery_beat_solarschedule (id, event, latitude, longitude) FROM stdin;
\.


--
-- Data for Name: django_content_type; Type: TABLE DATA; Schema: public; Owner: guest
--

COPY public.django_content_type (id, app_label, model) FROM stdin;
1	admin	logentry
2	auth	permission
3	auth	group
4	contenttypes	contenttype
5	sessions	session
6	users	user
7	notifications	reviewinfo
8	notifications	reviewstorage
9	notifications	template
10	notifications	task
11	django_celery_beat	crontabschedule
12	django_celery_beat	intervalschedule
13	django_celery_beat	periodictask
14	django_celery_beat	periodictasks
15	django_celery_beat	solarschedule
16	django_celery_beat	clockedschedule
\.


--
-- Data for Name: django_migrations; Type: TABLE DATA; Schema: public; Owner: guest
--

COPY public.django_migrations (id, app, name, applied) FROM stdin;
1	contenttypes	0001_initial	2023-04-08 01:11:55.446692+00
2	contenttypes	0002_remove_content_type_name	2023-04-08 01:11:55.459927+00
3	auth	0001_initial	2023-04-08 01:11:55.530739+00
4	auth	0002_alter_permission_name_max_length	2023-04-08 01:11:55.539615+00
5	auth	0003_alter_user_email_max_length	2023-04-08 01:11:55.551284+00
6	auth	0004_alter_user_username_opts	2023-04-08 01:11:55.566377+00
7	auth	0005_alter_user_last_login_null	2023-04-08 01:11:55.598817+00
8	auth	0006_require_contenttypes_0002	2023-04-08 01:11:55.608245+00
9	auth	0007_alter_validators_add_error_messages	2023-04-08 01:11:55.617341+00
10	auth	0008_alter_user_username_max_length	2023-04-08 01:11:55.628043+00
11	auth	0009_alter_user_last_name_max_length	2023-04-08 01:11:55.636608+00
12	auth	0010_alter_group_name_max_length	2023-04-08 01:11:55.651924+00
13	auth	0011_update_proxy_permissions	2023-04-08 01:11:55.662573+00
14	auth	0012_alter_user_first_name_max_length	2023-04-08 01:11:55.671917+00
15	users	0001_initial	2023-04-08 01:11:55.734267+00
16	admin	0001_initial	2023-04-08 01:11:55.766286+00
17	admin	0002_logentry_remove_auto_add	2023-04-08 01:11:55.786602+00
18	admin	0003_logentry_add_action_flag_choices	2023-04-08 01:11:55.808513+00
19	django_celery_beat	0001_initial	2023-04-08 01:11:55.864186+00
20	django_celery_beat	0002_auto_20161118_0346	2023-04-08 01:11:55.890282+00
21	django_celery_beat	0003_auto_20161209_0049	2023-04-08 01:11:55.913372+00
22	django_celery_beat	0004_auto_20170221_0000	2023-04-08 01:11:55.923537+00
23	django_celery_beat	0005_add_solarschedule_events_choices	2023-04-08 01:11:55.931994+00
24	django_celery_beat	0006_auto_20180322_0932	2023-04-08 01:11:55.965143+00
25	django_celery_beat	0007_auto_20180521_0826	2023-04-08 01:11:55.983576+00
26	django_celery_beat	0008_auto_20180914_1922	2023-04-08 01:11:56.006784+00
27	django_celery_beat	0006_auto_20180210_1226	2023-04-08 01:11:56.021303+00
28	django_celery_beat	0006_periodictask_priority	2023-04-08 01:11:56.032348+00
29	django_celery_beat	0009_periodictask_headers	2023-04-08 01:11:56.04442+00
30	django_celery_beat	0010_auto_20190429_0326	2023-04-08 01:11:56.214067+00
31	django_celery_beat	0011_auto_20190508_0153	2023-04-08 01:11:56.237652+00
32	django_celery_beat	0012_periodictask_expire_seconds	2023-04-08 01:11:56.250435+00
33	django_celery_beat	0013_auto_20200609_0727	2023-04-08 01:11:56.263521+00
34	django_celery_beat	0014_remove_clockedschedule_enabled	2023-04-08 01:11:56.276619+00
35	django_celery_beat	0015_edit_solarschedule_events_choices	2023-04-08 01:11:56.283975+00
36	django_celery_beat	0016_alter_crontabschedule_timezone	2023-04-08 01:11:56.296418+00
37	django_celery_beat	0017_alter_crontabschedule_month_of_year	2023-04-08 01:11:56.310669+00
38	django_celery_beat	0018_improve_crontab_helptext	2023-04-08 01:11:56.319746+00
39	notifications	0001_initial	2023-04-08 01:11:56.380192+00
40	sessions	0001_initial	2023-04-08 01:11:56.40198+00
\.


--
-- Data for Name: django_session; Type: TABLE DATA; Schema: public; Owner: guest
--

COPY public.django_session (session_key, session_data, expire_date) FROM stdin;
6lsizyo249l9eu8ypoukjgunet0jww2j	.eJxVjEEOwiAQRe_C2hCGhlJcuvcMZGYYpGogKe3KeHdt0oVu_3vvv1TEbS1x67LEOamzAnX63Qj5IXUH6Y711jS3ui4z6V3RB-362pI8L4f7d1Cwl29NAYGzz-QdmyzTYFJGGgLlAOzGIGAB0ZIJIJ6DtWMy5IBwIhYwqN4fDsc41w:1pkxAR:3e1WRkqRXBw_EysgnAWu5b0K20JGYJPEF5U5qrNCSVc	2023-04-22 01:14:59.885851+00
\.


--
-- Data for Name: mvp; Type: TABLE DATA; Schema: public; Owner: guest
--

COPY public.mvp (id, some_int, some_str, created, modified) FROM stdin;
\.


--
-- Data for Name: notifications_reviewinfo; Type: TABLE DATA; Schema: public; Owner: guest
--

COPY public.notifications_reviewinfo (created, modified, pkid, movie_id, author_id, review_id, likes_count) FROM stdin;
2023-04-08 01:30:21.738424+00	2023-04-08 01:30:21.738446+00	aebd22dc-47a9-4f52-ad39-4d82ea03bb5e	7e586ecf-1fb5-416f-9d2f-4308888ca1f0	182a82f0-67e2-48bb-b249-23ccca00f4ba	6a16e02d-bf5c-4e41-aa3a-ea36fbdc42a5	0
2023-04-08 01:30:23.584025+00	2023-04-08 01:30:23.584047+00	f3ad2c61-48cf-4608-884c-ddd979b630f4	32987091-0f62-41e1-9f2f-814435c2d60f	c6002948-28a2-43fb-9aa0-f35241989412	ad729eba-87dd-4c03-a8d9-83ed2d9afcb1	0
2023-04-08 01:30:32.668038+00	2023-04-08 01:30:32.668059+00	313a6d6a-afd4-4db4-a05b-85fb578af38f	94bced2d-f054-44eb-97e7-492a11c252a3	669d2a80-6c6c-46a9-bfd6-489ff0b056a2	1294a721-6339-40f6-9dbb-84ff37fc791e	0
2023-04-08 01:30:46.589449+00	2023-04-08 01:30:46.58947+00	932a0415-75d1-4f13-a458-094d6d89d408	b65e3092-c35e-4f36-b55e-b3357b16ee81	da2388cc-11e1-456b-9ac0-e162039c9360	9526d218-04cd-4bd5-93c8-ec3830e70875	0
\.


--
-- Data for Name: notifications_reviewstorage; Type: TABLE DATA; Schema: public; Owner: guest
--

COPY public.notifications_reviewstorage (created, modified, pkid, review_id) FROM stdin;
\.


--
-- Data for Name: notifications_task; Type: TABLE DATA; Schema: public; Owner: guest
--

COPY public.notifications_task (created, modified, pkid, title, event_type, user_group, movie_id, text_to_promo, template_pkid_id) FROM stdin;
2023-04-08 01:28:25.120769+00	2023-04-08 01:28:25.12079+00	04c4b0e9-f441-4475-8577-1afd9b158172	promo	promo	group_1		Бла бла бла бла	92b89143-a5bc-42a3-b9d6-6ad3c9f06de5
2023-04-08 01:28:56.822135+00	2023-04-08 01:28:56.822155+00	4f84d742-e93d-4d10-b7df-709d719ed4f8	new_likes	new_likes	all			a7bd4502-f89a-4b63-ace6-570472de3e9d
2023-04-08 01:30:07.663931+00	2023-04-08 01:30:07.663951+00	4fa90f60-12bf-487d-9ff0-79ec1e5bcce3	new_content	new_content	all	50760ee6-2073-445d-ad25-f665937f3b33		e8051481-c4d9-4649-9e92-011e0132cafa
\.


--
-- Data for Name: notifications_template; Type: TABLE DATA; Schema: public; Owner: guest
--

COPY public.notifications_template (created, modified, pkid, title, event_type, subject, template_files, text_msg) FROM stdin;
2023-04-08 01:15:51.682288+00	2023-04-08 01:15:51.682317+00	e8051481-c4d9-4649-9e92-011e0132cafa	New content	new_content	New content	templates/new_content	Здравстувуйте, {{user_name}}! Мы рады сообщить, что в PRACTIX уже доступен {{movie_title}}, который вы так ждали!
2023-04-08 01:16:14.505935+00	2023-04-08 01:16:14.505956+00	a7bd4502-f89a-4b63-ace6-570472de3e9d	New Likes	new_likes	New Likes	templates/new_likes	Здравстувуйте, {{user_name}}! Мы рады сообщить, что ваш обзор на {{movie_title}}, собрал уже {{likes}} положительных оценок!
2023-04-08 01:16:38.600091+00	2023-04-08 01:16:38.600113+00	92b89143-a5bc-42a3-b9d6-6ad3c9f06de5	promo	promo	promo	templates/new_promo	Здравстувуйте, {{user_name}}! {{text_to_promo}}
2023-04-08 01:16:55.098486+00	2023-04-08 01:16:55.098506+00	a7663943-1f5c-4573-bc71-17cecbd46fb8	Welcome	welcome_message	Welcome	templates/welcome	-
2023-04-08 01:18:52.521995+00	2023-04-08 01:18:52.522011+00	45ee664f-3230-4e29-8ddb-43bf66e891cc	announce_delete	announce_delete	announce_delete	templates/announce_delete	Здравстувуйте, {{user_name}}! Ваш знакомый {{author_name}} решил отменить свое событие {{announce_title}} Мы можем найти для вас новое событие {{link}}
2023-04-08 01:20:08.276966+00	2023-04-08 01:20:08.276984+00	7e81e406-a330-46b6-815e-db82e1b65882	announce_done	announce_done	announce_done	templates/announce_done	Здравстувуйте, {{user_name}}! Надеемся вам понравилось событие {{announce_title}}. Поставить оценку событию {{link}}
2023-04-08 01:21:03.004073+00	2023-04-08 01:21:03.004091+00	c2e2177c-f2ef-466d-b7f2-225fffa4185d	announce_new	announce_new	announce_new	templates/announce_new	Здравстувуйте, {{user_name}}! Ваш знакомый {{author_name}} хочет устроить {{announce_title}} {{event_time}} планирует просмотр {{movie_title}}\r\nДля просмотра подробной информации {{link}}
2023-04-08 01:21:52.54919+00	2023-04-08 01:21:52.549212+00	1961b3d0-ede5-4642-b230-81fb98e0979e	announce_put	announce_put	announce_put	templates/announce_put	Здравстувуйте, {{user_name}}! Ваш знакомый {{author_name}} внес изменение в событие {{announce_title}}\r\nДля просмотра подробной информации {{link}}
2023-04-08 01:22:57.153993+00	2023-04-08 01:22:57.154011+00	4aee1f43-3942-4313-a6cc-9da18ecd9b14	booking_delete	booking_delete	booking_delete	templates/booking_delete	Здравстувуйте, {{user_name}}! {{guest_name}} отказался от участия в {{announce_title}}
2023-04-08 01:25:14.623389+00	2023-04-08 01:25:14.623412+00	91846a53-1745-4c64-b045-e890c10d7172	booking_new	booking_new	booking_new	templates/booking_new	Здравстувуйте, {{user_name}}! {{guest_name}} хочет посетить {{announce_title}} Для просмотра подробной информации {{link}}
2023-04-08 01:26:29.795012+00	2023-04-08 01:26:29.795033+00	f454a23d-3e76-4ba1-8d98-d22f3d085478	booking_status	booking_status	booking_status	templates/booking_status	Здравстувуйте, {{user_name}}! {{another_name}} внес изменения в заявке для {{announce_title}} Для просмотра подробной информации {{link}}
\.


--
-- Data for Name: short_url; Type: TABLE DATA; Schema: public; Owner: guest
--

COPY public.short_url (id, original_url, short_id, created_at) FROM stdin;
1	http://localhost:8080/app/v1/announcement/eca370e7-c65d-44f3-b390-5c2733df02e6	hPTczpyT	2023-04-08 00:30:28.154002
2	http://localhost:8080/app/v1/announcement/eca370e7-c65d-44f3-b390-5c2733df02e6	1dkE63RU	2023-04-08 00:30:28.154125
\.


--
-- Data for Name: users_user; Type: TABLE DATA; Schema: public; Owner: guest
--

COPY public.users_user (id, password, last_login, is_superuser, username, first_name, last_name, email, is_staff, is_active, date_joined) FROM stdin;
1	pbkdf2_sha256$600000$guZpFAqMF9z90XrGM7MfQN$ilupTUrrPuai/gfjLdLKxlDveADZSfFAhxnYKgfebJU=	2023-04-08 01:14:59.882576+00	t	admin			admin@admin.com	t	t	2023-04-08 01:11:58.422454+00
\.


--
-- Data for Name: users_user_groups; Type: TABLE DATA; Schema: public; Owner: guest
--

COPY public.users_user_groups (id, user_id, group_id) FROM stdin;
\.


--
-- Data for Name: users_user_user_permissions; Type: TABLE DATA; Schema: public; Owner: guest
--

COPY public.users_user_user_permissions (id, user_id, permission_id) FROM stdin;
\.


--
-- Name: auth_group_id_seq; Type: SEQUENCE SET; Schema: public; Owner: guest
--

SELECT pg_catalog.setval('public.auth_group_id_seq', 1, false);


--
-- Name: auth_group_permissions_id_seq; Type: SEQUENCE SET; Schema: public; Owner: guest
--

SELECT pg_catalog.setval('public.auth_group_permissions_id_seq', 1, false);


--
-- Name: auth_permission_id_seq; Type: SEQUENCE SET; Schema: public; Owner: guest
--

SELECT pg_catalog.setval('public.auth_permission_id_seq', 64, true);


--
-- Name: django_admin_log_id_seq; Type: SEQUENCE SET; Schema: public; Owner: guest
--

SELECT pg_catalog.setval('public.django_admin_log_id_seq', 18, true);


--
-- Name: django_celery_beat_clockedschedule_id_seq; Type: SEQUENCE SET; Schema: public; Owner: guest
--

SELECT pg_catalog.setval('public.django_celery_beat_clockedschedule_id_seq', 1, false);


--
-- Name: django_celery_beat_crontabschedule_id_seq; Type: SEQUENCE SET; Schema: public; Owner: guest
--

SELECT pg_catalog.setval('public.django_celery_beat_crontabschedule_id_seq', 1, true);


--
-- Name: django_celery_beat_intervalschedule_id_seq; Type: SEQUENCE SET; Schema: public; Owner: guest
--

SELECT pg_catalog.setval('public.django_celery_beat_intervalschedule_id_seq', 1, false);


--
-- Name: django_celery_beat_periodictask_id_seq; Type: SEQUENCE SET; Schema: public; Owner: guest
--

SELECT pg_catalog.setval('public.django_celery_beat_periodictask_id_seq', 1, true);


--
-- Name: django_celery_beat_solarschedule_id_seq; Type: SEQUENCE SET; Schema: public; Owner: guest
--

SELECT pg_catalog.setval('public.django_celery_beat_solarschedule_id_seq', 1, false);


--
-- Name: django_content_type_id_seq; Type: SEQUENCE SET; Schema: public; Owner: guest
--

SELECT pg_catalog.setval('public.django_content_type_id_seq', 16, true);


--
-- Name: django_migrations_id_seq; Type: SEQUENCE SET; Schema: public; Owner: guest
--

SELECT pg_catalog.setval('public.django_migrations_id_seq', 40, true);


--
-- Name: short_url_id_seq; Type: SEQUENCE SET; Schema: public; Owner: guest
--

SELECT pg_catalog.setval('public.short_url_id_seq', 2, true);


--
-- Name: users_user_groups_id_seq; Type: SEQUENCE SET; Schema: public; Owner: guest
--

SELECT pg_catalog.setval('public.users_user_groups_id_seq', 1, false);


--
-- Name: users_user_id_seq; Type: SEQUENCE SET; Schema: public; Owner: guest
--

SELECT pg_catalog.setval('public.users_user_id_seq', 1, true);


--
-- Name: users_user_user_permissions_id_seq; Type: SEQUENCE SET; Schema: public; Owner: guest
--

SELECT pg_catalog.setval('public.users_user_user_permissions_id_seq', 1, false);


--
-- Name: announcements _author_event_time; Type: CONSTRAINT; Schema: public; Owner: guest
--

ALTER TABLE ONLY public.announcements
    ADD CONSTRAINT _author_event_time UNIQUE (author_id, event_time);


--
-- Name: booking _bk_guest_event_time; Type: CONSTRAINT; Schema: public; Owner: guest
--

ALTER TABLE ONLY public.booking
    ADD CONSTRAINT _bk_guest_event_time UNIQUE (guest_id, event_time);


--
-- Name: alembic_version alembic_version_pkc; Type: CONSTRAINT; Schema: public; Owner: guest
--

ALTER TABLE ONLY public.alembic_version
    ADD CONSTRAINT alembic_version_pkc PRIMARY KEY (version_num);


--
-- Name: announcements announcements_event_time_key; Type: CONSTRAINT; Schema: public; Owner: guest
--

ALTER TABLE ONLY public.announcements
    ADD CONSTRAINT announcements_event_time_key UNIQUE (event_time);


--
-- Name: announcements announcements_pkey; Type: CONSTRAINT; Schema: public; Owner: guest
--

ALTER TABLE ONLY public.announcements
    ADD CONSTRAINT announcements_pkey PRIMARY KEY (id);


--
-- Name: auth_group auth_group_name_key; Type: CONSTRAINT; Schema: public; Owner: guest
--

ALTER TABLE ONLY public.auth_group
    ADD CONSTRAINT auth_group_name_key UNIQUE (name);


--
-- Name: auth_group_permissions auth_group_permissions_group_id_permission_id_0cd325b0_uniq; Type: CONSTRAINT; Schema: public; Owner: guest
--

ALTER TABLE ONLY public.auth_group_permissions
    ADD CONSTRAINT auth_group_permissions_group_id_permission_id_0cd325b0_uniq UNIQUE (group_id, permission_id);


--
-- Name: auth_group_permissions auth_group_permissions_pkey; Type: CONSTRAINT; Schema: public; Owner: guest
--

ALTER TABLE ONLY public.auth_group_permissions
    ADD CONSTRAINT auth_group_permissions_pkey PRIMARY KEY (id);


--
-- Name: auth_group auth_group_pkey; Type: CONSTRAINT; Schema: public; Owner: guest
--

ALTER TABLE ONLY public.auth_group
    ADD CONSTRAINT auth_group_pkey PRIMARY KEY (id);


--
-- Name: auth_permission auth_permission_content_type_id_codename_01ab375a_uniq; Type: CONSTRAINT; Schema: public; Owner: guest
--

ALTER TABLE ONLY public.auth_permission
    ADD CONSTRAINT auth_permission_content_type_id_codename_01ab375a_uniq UNIQUE (content_type_id, codename);


--
-- Name: auth_permission auth_permission_pkey; Type: CONSTRAINT; Schema: public; Owner: guest
--

ALTER TABLE ONLY public.auth_permission
    ADD CONSTRAINT auth_permission_pkey PRIMARY KEY (id);


--
-- Name: booking booking_pkey; Type: CONSTRAINT; Schema: public; Owner: guest
--

ALTER TABLE ONLY public.booking
    ADD CONSTRAINT booking_pkey PRIMARY KEY (id);


--
-- Name: django_admin_log django_admin_log_pkey; Type: CONSTRAINT; Schema: public; Owner: guest
--

ALTER TABLE ONLY public.django_admin_log
    ADD CONSTRAINT django_admin_log_pkey PRIMARY KEY (id);


--
-- Name: django_celery_beat_clockedschedule django_celery_beat_clockedschedule_pkey; Type: CONSTRAINT; Schema: public; Owner: guest
--

ALTER TABLE ONLY public.django_celery_beat_clockedschedule
    ADD CONSTRAINT django_celery_beat_clockedschedule_pkey PRIMARY KEY (id);


--
-- Name: django_celery_beat_crontabschedule django_celery_beat_crontabschedule_pkey; Type: CONSTRAINT; Schema: public; Owner: guest
--

ALTER TABLE ONLY public.django_celery_beat_crontabschedule
    ADD CONSTRAINT django_celery_beat_crontabschedule_pkey PRIMARY KEY (id);


--
-- Name: django_celery_beat_intervalschedule django_celery_beat_intervalschedule_pkey; Type: CONSTRAINT; Schema: public; Owner: guest
--

ALTER TABLE ONLY public.django_celery_beat_intervalschedule
    ADD CONSTRAINT django_celery_beat_intervalschedule_pkey PRIMARY KEY (id);


--
-- Name: django_celery_beat_periodictask django_celery_beat_periodictask_name_key; Type: CONSTRAINT; Schema: public; Owner: guest
--

ALTER TABLE ONLY public.django_celery_beat_periodictask
    ADD CONSTRAINT django_celery_beat_periodictask_name_key UNIQUE (name);


--
-- Name: django_celery_beat_periodictask django_celery_beat_periodictask_pkey; Type: CONSTRAINT; Schema: public; Owner: guest
--

ALTER TABLE ONLY public.django_celery_beat_periodictask
    ADD CONSTRAINT django_celery_beat_periodictask_pkey PRIMARY KEY (id);


--
-- Name: django_celery_beat_periodictasks django_celery_beat_periodictasks_pkey; Type: CONSTRAINT; Schema: public; Owner: guest
--

ALTER TABLE ONLY public.django_celery_beat_periodictasks
    ADD CONSTRAINT django_celery_beat_periodictasks_pkey PRIMARY KEY (ident);


--
-- Name: django_celery_beat_solarschedule django_celery_beat_solar_event_latitude_longitude_ba64999a_uniq; Type: CONSTRAINT; Schema: public; Owner: guest
--

ALTER TABLE ONLY public.django_celery_beat_solarschedule
    ADD CONSTRAINT django_celery_beat_solar_event_latitude_longitude_ba64999a_uniq UNIQUE (event, latitude, longitude);


--
-- Name: django_celery_beat_solarschedule django_celery_beat_solarschedule_pkey; Type: CONSTRAINT; Schema: public; Owner: guest
--

ALTER TABLE ONLY public.django_celery_beat_solarschedule
    ADD CONSTRAINT django_celery_beat_solarschedule_pkey PRIMARY KEY (id);


--
-- Name: django_content_type django_content_type_app_label_model_76bd3d3b_uniq; Type: CONSTRAINT; Schema: public; Owner: guest
--

ALTER TABLE ONLY public.django_content_type
    ADD CONSTRAINT django_content_type_app_label_model_76bd3d3b_uniq UNIQUE (app_label, model);


--
-- Name: django_content_type django_content_type_pkey; Type: CONSTRAINT; Schema: public; Owner: guest
--

ALTER TABLE ONLY public.django_content_type
    ADD CONSTRAINT django_content_type_pkey PRIMARY KEY (id);


--
-- Name: django_migrations django_migrations_pkey; Type: CONSTRAINT; Schema: public; Owner: guest
--

ALTER TABLE ONLY public.django_migrations
    ADD CONSTRAINT django_migrations_pkey PRIMARY KEY (id);


--
-- Name: django_session django_session_pkey; Type: CONSTRAINT; Schema: public; Owner: guest
--

ALTER TABLE ONLY public.django_session
    ADD CONSTRAINT django_session_pkey PRIMARY KEY (session_key);


--
-- Name: mvp mvp_pkey; Type: CONSTRAINT; Schema: public; Owner: guest
--

ALTER TABLE ONLY public.mvp
    ADD CONSTRAINT mvp_pkey PRIMARY KEY (id);


--
-- Name: notifications_reviewinfo notifications_reviewinfo_author_id_key; Type: CONSTRAINT; Schema: public; Owner: guest
--

ALTER TABLE ONLY public.notifications_reviewinfo
    ADD CONSTRAINT notifications_reviewinfo_author_id_key UNIQUE (author_id);


--
-- Name: notifications_reviewinfo notifications_reviewinfo_movie_id_key; Type: CONSTRAINT; Schema: public; Owner: guest
--

ALTER TABLE ONLY public.notifications_reviewinfo
    ADD CONSTRAINT notifications_reviewinfo_movie_id_key UNIQUE (movie_id);


--
-- Name: notifications_reviewinfo notifications_reviewinfo_pkey; Type: CONSTRAINT; Schema: public; Owner: guest
--

ALTER TABLE ONLY public.notifications_reviewinfo
    ADD CONSTRAINT notifications_reviewinfo_pkey PRIMARY KEY (pkid);


--
-- Name: notifications_reviewinfo notifications_reviewinfo_review_id_key; Type: CONSTRAINT; Schema: public; Owner: guest
--

ALTER TABLE ONLY public.notifications_reviewinfo
    ADD CONSTRAINT notifications_reviewinfo_review_id_key UNIQUE (review_id);


--
-- Name: notifications_reviewstorage notifications_reviewstorage_pkey; Type: CONSTRAINT; Schema: public; Owner: guest
--

ALTER TABLE ONLY public.notifications_reviewstorage
    ADD CONSTRAINT notifications_reviewstorage_pkey PRIMARY KEY (pkid);


--
-- Name: notifications_reviewstorage notifications_reviewstorage_review_id_key; Type: CONSTRAINT; Schema: public; Owner: guest
--

ALTER TABLE ONLY public.notifications_reviewstorage
    ADD CONSTRAINT notifications_reviewstorage_review_id_key UNIQUE (review_id);


--
-- Name: notifications_task notifications_task_pkey; Type: CONSTRAINT; Schema: public; Owner: guest
--

ALTER TABLE ONLY public.notifications_task
    ADD CONSTRAINT notifications_task_pkey PRIMARY KEY (pkid);


--
-- Name: notifications_task notifications_task_title_key; Type: CONSTRAINT; Schema: public; Owner: guest
--

ALTER TABLE ONLY public.notifications_task
    ADD CONSTRAINT notifications_task_title_key UNIQUE (title);


--
-- Name: notifications_template notifications_template_pkey; Type: CONSTRAINT; Schema: public; Owner: guest
--

ALTER TABLE ONLY public.notifications_template
    ADD CONSTRAINT notifications_template_pkey PRIMARY KEY (pkid);


--
-- Name: notifications_template notifications_template_title_key; Type: CONSTRAINT; Schema: public; Owner: guest
--

ALTER TABLE ONLY public.notifications_template
    ADD CONSTRAINT notifications_template_title_key UNIQUE (title);


--
-- Name: short_url short_url_pkey; Type: CONSTRAINT; Schema: public; Owner: guest
--

ALTER TABLE ONLY public.short_url
    ADD CONSTRAINT short_url_pkey PRIMARY KEY (id);


--
-- Name: short_url short_url_short_id_key; Type: CONSTRAINT; Schema: public; Owner: guest
--

ALTER TABLE ONLY public.short_url
    ADD CONSTRAINT short_url_short_id_key UNIQUE (short_id);


--
-- Name: users_user_groups users_user_groups_pkey; Type: CONSTRAINT; Schema: public; Owner: guest
--

ALTER TABLE ONLY public.users_user_groups
    ADD CONSTRAINT users_user_groups_pkey PRIMARY KEY (id);


--
-- Name: users_user_groups users_user_groups_user_id_group_id_b88eab82_uniq; Type: CONSTRAINT; Schema: public; Owner: guest
--

ALTER TABLE ONLY public.users_user_groups
    ADD CONSTRAINT users_user_groups_user_id_group_id_b88eab82_uniq UNIQUE (user_id, group_id);


--
-- Name: users_user users_user_pkey; Type: CONSTRAINT; Schema: public; Owner: guest
--

ALTER TABLE ONLY public.users_user
    ADD CONSTRAINT users_user_pkey PRIMARY KEY (id);


--
-- Name: users_user_user_permissions users_user_user_permissions_pkey; Type: CONSTRAINT; Schema: public; Owner: guest
--

ALTER TABLE ONLY public.users_user_user_permissions
    ADD CONSTRAINT users_user_user_permissions_pkey PRIMARY KEY (id);


--
-- Name: users_user_user_permissions users_user_user_permissions_user_id_permission_id_43338c45_uniq; Type: CONSTRAINT; Schema: public; Owner: guest
--

ALTER TABLE ONLY public.users_user_user_permissions
    ADD CONSTRAINT users_user_user_permissions_user_id_permission_id_43338c45_uniq UNIQUE (user_id, permission_id);


--
-- Name: users_user users_user_username_key; Type: CONSTRAINT; Schema: public; Owner: guest
--

ALTER TABLE ONLY public.users_user
    ADD CONSTRAINT users_user_username_key UNIQUE (username);


--
-- Name: auth_group_name_a6ea08ec_like; Type: INDEX; Schema: public; Owner: guest
--

CREATE INDEX auth_group_name_a6ea08ec_like ON public.auth_group USING btree (name varchar_pattern_ops);


--
-- Name: auth_group_permissions_group_id_b120cbf9; Type: INDEX; Schema: public; Owner: guest
--

CREATE INDEX auth_group_permissions_group_id_b120cbf9 ON public.auth_group_permissions USING btree (group_id);


--
-- Name: auth_group_permissions_permission_id_84c5c92e; Type: INDEX; Schema: public; Owner: guest
--

CREATE INDEX auth_group_permissions_permission_id_84c5c92e ON public.auth_group_permissions USING btree (permission_id);


--
-- Name: auth_permission_content_type_id_2f476e4b; Type: INDEX; Schema: public; Owner: guest
--

CREATE INDEX auth_permission_content_type_id_2f476e4b ON public.auth_permission USING btree (content_type_id);


--
-- Name: django_admin_log_content_type_id_c4bce8eb; Type: INDEX; Schema: public; Owner: guest
--

CREATE INDEX django_admin_log_content_type_id_c4bce8eb ON public.django_admin_log USING btree (content_type_id);


--
-- Name: django_admin_log_user_id_c564eba6; Type: INDEX; Schema: public; Owner: guest
--

CREATE INDEX django_admin_log_user_id_c564eba6 ON public.django_admin_log USING btree (user_id);


--
-- Name: django_celery_beat_periodictask_clocked_id_47a69f82; Type: INDEX; Schema: public; Owner: guest
--

CREATE INDEX django_celery_beat_periodictask_clocked_id_47a69f82 ON public.django_celery_beat_periodictask USING btree (clocked_id);


--
-- Name: django_celery_beat_periodictask_crontab_id_d3cba168; Type: INDEX; Schema: public; Owner: guest
--

CREATE INDEX django_celery_beat_periodictask_crontab_id_d3cba168 ON public.django_celery_beat_periodictask USING btree (crontab_id);


--
-- Name: django_celery_beat_periodictask_interval_id_a8ca27da; Type: INDEX; Schema: public; Owner: guest
--

CREATE INDEX django_celery_beat_periodictask_interval_id_a8ca27da ON public.django_celery_beat_periodictask USING btree (interval_id);


--
-- Name: django_celery_beat_periodictask_name_265a36b7_like; Type: INDEX; Schema: public; Owner: guest
--

CREATE INDEX django_celery_beat_periodictask_name_265a36b7_like ON public.django_celery_beat_periodictask USING btree (name varchar_pattern_ops);


--
-- Name: django_celery_beat_periodictask_solar_id_a87ce72c; Type: INDEX; Schema: public; Owner: guest
--

CREATE INDEX django_celery_beat_periodictask_solar_id_a87ce72c ON public.django_celery_beat_periodictask USING btree (solar_id);


--
-- Name: django_session_expire_date_a5c62663; Type: INDEX; Schema: public; Owner: guest
--

CREATE INDEX django_session_expire_date_a5c62663 ON public.django_session USING btree (expire_date);


--
-- Name: django_session_session_key_c0390e0f_like; Type: INDEX; Schema: public; Owner: guest
--

CREATE INDEX django_session_session_key_c0390e0f_like ON public.django_session USING btree (session_key varchar_pattern_ops);


--
-- Name: ix_announcements_author_id; Type: INDEX; Schema: public; Owner: guest
--

CREATE INDEX ix_announcements_author_id ON public.announcements USING btree (author_id);


--
-- Name: ix_announcements_id; Type: INDEX; Schema: public; Owner: guest
--

CREATE INDEX ix_announcements_id ON public.announcements USING btree (id);


--
-- Name: ix_announcements_movie_id; Type: INDEX; Schema: public; Owner: guest
--

CREATE INDEX ix_announcements_movie_id ON public.announcements USING btree (movie_id);


--
-- Name: ix_booking_author_id; Type: INDEX; Schema: public; Owner: guest
--

CREATE INDEX ix_booking_author_id ON public.booking USING btree (author_id);


--
-- Name: ix_booking_guest_id; Type: INDEX; Schema: public; Owner: guest
--

CREATE INDEX ix_booking_guest_id ON public.booking USING btree (guest_id);


--
-- Name: ix_booking_id; Type: INDEX; Schema: public; Owner: guest
--

CREATE INDEX ix_booking_id ON public.booking USING btree (id);


--
-- Name: ix_booking_movie_id; Type: INDEX; Schema: public; Owner: guest
--

CREATE INDEX ix_booking_movie_id ON public.booking USING btree (movie_id);


--
-- Name: ix_mvp_id; Type: INDEX; Schema: public; Owner: guest
--

CREATE INDEX ix_mvp_id ON public.mvp USING btree (id);


--
-- Name: notifications_task_template_pkid_id_b8ed6b76; Type: INDEX; Schema: public; Owner: guest
--

CREATE INDEX notifications_task_template_pkid_id_b8ed6b76 ON public.notifications_task USING btree (template_pkid_id);


--
-- Name: notifications_task_title_81852bfe_like; Type: INDEX; Schema: public; Owner: guest
--

CREATE INDEX notifications_task_title_81852bfe_like ON public.notifications_task USING btree (title varchar_pattern_ops);


--
-- Name: notifications_template_title_be7b7aa4_like; Type: INDEX; Schema: public; Owner: guest
--

CREATE INDEX notifications_template_title_be7b7aa4_like ON public.notifications_template USING btree (title varchar_pattern_ops);


--
-- Name: users_user_groups_group_id_9afc8d0e; Type: INDEX; Schema: public; Owner: guest
--

CREATE INDEX users_user_groups_group_id_9afc8d0e ON public.users_user_groups USING btree (group_id);


--
-- Name: users_user_groups_user_id_5f6f5a90; Type: INDEX; Schema: public; Owner: guest
--

CREATE INDEX users_user_groups_user_id_5f6f5a90 ON public.users_user_groups USING btree (user_id);


--
-- Name: users_user_user_permissions_permission_id_0b93982e; Type: INDEX; Schema: public; Owner: guest
--

CREATE INDEX users_user_user_permissions_permission_id_0b93982e ON public.users_user_user_permissions USING btree (permission_id);


--
-- Name: users_user_user_permissions_user_id_20aca447; Type: INDEX; Schema: public; Owner: guest
--

CREATE INDEX users_user_user_permissions_user_id_20aca447 ON public.users_user_user_permissions USING btree (user_id);


--
-- Name: users_user_username_06e46fe6_like; Type: INDEX; Schema: public; Owner: guest
--

CREATE INDEX users_user_username_06e46fe6_like ON public.users_user USING btree (username varchar_pattern_ops);


--
-- Name: auth_group_permissions auth_group_permissio_permission_id_84c5c92e_fk_auth_perm; Type: FK CONSTRAINT; Schema: public; Owner: guest
--

ALTER TABLE ONLY public.auth_group_permissions
    ADD CONSTRAINT auth_group_permissio_permission_id_84c5c92e_fk_auth_perm FOREIGN KEY (permission_id) REFERENCES public.auth_permission(id) DEFERRABLE INITIALLY DEFERRED;


--
-- Name: auth_group_permissions auth_group_permissions_group_id_b120cbf9_fk_auth_group_id; Type: FK CONSTRAINT; Schema: public; Owner: guest
--

ALTER TABLE ONLY public.auth_group_permissions
    ADD CONSTRAINT auth_group_permissions_group_id_b120cbf9_fk_auth_group_id FOREIGN KEY (group_id) REFERENCES public.auth_group(id) DEFERRABLE INITIALLY DEFERRED;


--
-- Name: auth_permission auth_permission_content_type_id_2f476e4b_fk_django_co; Type: FK CONSTRAINT; Schema: public; Owner: guest
--

ALTER TABLE ONLY public.auth_permission
    ADD CONSTRAINT auth_permission_content_type_id_2f476e4b_fk_django_co FOREIGN KEY (content_type_id) REFERENCES public.django_content_type(id) DEFERRABLE INITIALLY DEFERRED;


--
-- Name: booking booking_announcement_id_fkey; Type: FK CONSTRAINT; Schema: public; Owner: guest
--

ALTER TABLE ONLY public.booking
    ADD CONSTRAINT booking_announcement_id_fkey FOREIGN KEY (announcement_id) REFERENCES public.announcements(id) ON DELETE CASCADE;


--
-- Name: django_admin_log django_admin_log_content_type_id_c4bce8eb_fk_django_co; Type: FK CONSTRAINT; Schema: public; Owner: guest
--

ALTER TABLE ONLY public.django_admin_log
    ADD CONSTRAINT django_admin_log_content_type_id_c4bce8eb_fk_django_co FOREIGN KEY (content_type_id) REFERENCES public.django_content_type(id) DEFERRABLE INITIALLY DEFERRED;


--
-- Name: django_admin_log django_admin_log_user_id_c564eba6_fk_users_user_id; Type: FK CONSTRAINT; Schema: public; Owner: guest
--

ALTER TABLE ONLY public.django_admin_log
    ADD CONSTRAINT django_admin_log_user_id_c564eba6_fk_users_user_id FOREIGN KEY (user_id) REFERENCES public.users_user(id) DEFERRABLE INITIALLY DEFERRED;


--
-- Name: django_celery_beat_periodictask django_celery_beat_p_clocked_id_47a69f82_fk_django_ce; Type: FK CONSTRAINT; Schema: public; Owner: guest
--

ALTER TABLE ONLY public.django_celery_beat_periodictask
    ADD CONSTRAINT django_celery_beat_p_clocked_id_47a69f82_fk_django_ce FOREIGN KEY (clocked_id) REFERENCES public.django_celery_beat_clockedschedule(id) DEFERRABLE INITIALLY DEFERRED;


--
-- Name: django_celery_beat_periodictask django_celery_beat_p_crontab_id_d3cba168_fk_django_ce; Type: FK CONSTRAINT; Schema: public; Owner: guest
--

ALTER TABLE ONLY public.django_celery_beat_periodictask
    ADD CONSTRAINT django_celery_beat_p_crontab_id_d3cba168_fk_django_ce FOREIGN KEY (crontab_id) REFERENCES public.django_celery_beat_crontabschedule(id) DEFERRABLE INITIALLY DEFERRED;


--
-- Name: django_celery_beat_periodictask django_celery_beat_p_interval_id_a8ca27da_fk_django_ce; Type: FK CONSTRAINT; Schema: public; Owner: guest
--

ALTER TABLE ONLY public.django_celery_beat_periodictask
    ADD CONSTRAINT django_celery_beat_p_interval_id_a8ca27da_fk_django_ce FOREIGN KEY (interval_id) REFERENCES public.django_celery_beat_intervalschedule(id) DEFERRABLE INITIALLY DEFERRED;


--
-- Name: django_celery_beat_periodictask django_celery_beat_p_solar_id_a87ce72c_fk_django_ce; Type: FK CONSTRAINT; Schema: public; Owner: guest
--

ALTER TABLE ONLY public.django_celery_beat_periodictask
    ADD CONSTRAINT django_celery_beat_p_solar_id_a87ce72c_fk_django_ce FOREIGN KEY (solar_id) REFERENCES public.django_celery_beat_solarschedule(id) DEFERRABLE INITIALLY DEFERRED;


--
-- Name: notifications_task notifications_task_template_pkid_id_b8ed6b76_fk_notificat; Type: FK CONSTRAINT; Schema: public; Owner: guest
--

ALTER TABLE ONLY public.notifications_task
    ADD CONSTRAINT notifications_task_template_pkid_id_b8ed6b76_fk_notificat FOREIGN KEY (template_pkid_id) REFERENCES public.notifications_template(pkid) DEFERRABLE INITIALLY DEFERRED;


--
-- Name: users_user_groups users_user_groups_group_id_9afc8d0e_fk_auth_group_id; Type: FK CONSTRAINT; Schema: public; Owner: guest
--

ALTER TABLE ONLY public.users_user_groups
    ADD CONSTRAINT users_user_groups_group_id_9afc8d0e_fk_auth_group_id FOREIGN KEY (group_id) REFERENCES public.auth_group(id) DEFERRABLE INITIALLY DEFERRED;


--
-- Name: users_user_groups users_user_groups_user_id_5f6f5a90_fk_users_user_id; Type: FK CONSTRAINT; Schema: public; Owner: guest
--

ALTER TABLE ONLY public.users_user_groups
    ADD CONSTRAINT users_user_groups_user_id_5f6f5a90_fk_users_user_id FOREIGN KEY (user_id) REFERENCES public.users_user(id) DEFERRABLE INITIALLY DEFERRED;


--
-- Name: users_user_user_permissions users_user_user_perm_permission_id_0b93982e_fk_auth_perm; Type: FK CONSTRAINT; Schema: public; Owner: guest
--

ALTER TABLE ONLY public.users_user_user_permissions
    ADD CONSTRAINT users_user_user_perm_permission_id_0b93982e_fk_auth_perm FOREIGN KEY (permission_id) REFERENCES public.auth_permission(id) DEFERRABLE INITIALLY DEFERRED;


--
-- Name: users_user_user_permissions users_user_user_permissions_user_id_20aca447_fk_users_user_id; Type: FK CONSTRAINT; Schema: public; Owner: guest
--

ALTER TABLE ONLY public.users_user_user_permissions
    ADD CONSTRAINT users_user_user_permissions_user_id_20aca447_fk_users_user_id FOREIGN KEY (user_id) REFERENCES public.users_user(id) DEFERRABLE INITIALLY DEFERRED;


--
-- PostgreSQL database dump complete
--

